kind	layer	decomposition	last-pos KL (ceiling)	integer KL	answer CE
self_attn.q_proj	0	3	3	3	3
self_attn.q_proj	1	7	7	7	7
self_attn.q_proj	2	16	16	16	16
self_attn.q_proj	3	5	4	4	4
self_attn.q_proj	4	3	3	3	3
self_attn.q_proj	5	3	3	3	3
self_attn.q_proj	6	3	2	2	2
self_attn.q_proj	7	3	3	3	3
self_attn.q_proj	8	2	2	2	2
self_attn.q_proj	9	2	2	2	2
self_attn.q_proj	10	1	1	1	1
self_attn.q_proj	11	2	2	2	2
self_attn.q_proj	12	3	3	3	3
self_attn.q_proj	13	1	1	1	1
self_attn.q_proj	14	4	4	4	4
self_attn.q_proj	15	3	3	3	3
self_attn.q_proj	16	4	4	4	4
self_attn.q_proj	17	2	2	2	2
self_attn.q_proj	18	8	5	5	5
self_attn.q_proj	19	1	1	1	1
self_attn.q_proj	20	5	5	5	5
self_attn.q_proj	21	4	4	3	3
self_attn.q_proj	22	4	3	3	3
self_attn.q_proj	23	9	4	4	3
self_attn.q_proj	24	4	3	3	3
self_attn.q_proj	25	4	4	4	4
self_attn.q_proj	26	1	1	1	1
self_attn.q_proj	27	2	2	2	2
self_attn.q_proj	28	5	4	3	4
self_attn.q_proj	29	2	2	1	1
self_attn.q_proj	30	3	3	2	3
self_attn.q_proj	31	9	4	2	3
self_attn.k_proj	0	12	12	12	10
self_attn.k_proj	1	11	11	11	10
self_attn.k_proj	2	23	23	22	23
self_attn.k_proj	3	12	12	12	11
self_attn.k_proj	4	8	7	7	7
self_attn.k_proj	5	7	6	6	6
self_attn.k_proj	6	8	7	7	7
self_attn.k_proj	7	6	6	6	6
self_attn.k_proj	8	5	5	5	5
self_attn.k_proj	9	5	5	5	5
self_attn.k_proj	10	4	4	4	4
self_attn.k_proj	11	3	3	3	3
self_attn.k_proj	12	3	3	3	3
self_attn.k_proj	13	6	6	6	6
self_attn.k_proj	14	3	3	3	3
self_attn.k_proj	15	4	4	4	4
self_attn.k_proj	16	5	5	5	5
self_attn.k_proj	17	2	2	2	2
self_attn.k_proj	18	5	3	3	3
self_attn.k_proj	19	3	3	3	3
self_attn.k_proj	20	4	4	4	4
self_attn.k_proj	21	2	2	2	2
self_attn.k_proj	22	6	5	5	4
self_attn.k_proj	23	5	5	5	4
self_attn.k_proj	24	2	2	2	2
self_attn.k_proj	25	3	3	3	3
self_attn.k_proj	26	3	3	3	3
self_attn.k_proj	27	2	2	2	2
self_attn.k_proj	28	3	3	3	3
self_attn.k_proj	29	3	2	2	2
self_attn.k_proj	30	4	4	4	4
self_attn.k_proj	31	4	3	3	3
self_attn.v_proj	0	11	11	11	11
self_attn.v_proj	1	55	50	49	50
self_attn.v_proj	2	29	25	25	25
self_attn.v_proj	3	46	46	45	43
self_attn.v_proj	4	14	14	14	14
self_attn.v_proj	5	32	31	31	30
self_attn.v_proj	6	19	18	17	15
self_attn.v_proj	7	17	17	16	15
self_attn.v_proj	8	15	15	15	15
self_attn.v_proj	9	9	8	8	8
self_attn.v_proj	10	9	8	8	8
self_attn.v_proj	11	11	9	9	9
self_attn.v_proj	12	8	8	8	7
self_attn.v_proj	13	15	15	15	15
self_attn.v_proj	14	18	18	18	18
self_attn.v_proj	15	53	52	52	50
self_attn.v_proj	16	52	50	50	50
self_attn.v_proj	17	12	12	12	12
self_attn.v_proj	18	69	68	67	67
self_attn.v_proj	19	6	5	5	5
self_attn.v_proj	20	25	24	24	24
self_attn.v_proj	21	8	8	8	8
self_attn.v_proj	22	48	47	46	45
self_attn.v_proj	23	33	30	30	24
self_attn.v_proj	24	14	14	14	14
self_attn.v_proj	25	9	9	9	8
self_attn.v_proj	26	4	3	3	3
self_attn.v_proj	27	6	6	6	6
self_attn.v_proj	28	8	6	4	4
self_attn.v_proj	29	12	11	10	10
self_attn.v_proj	30	9	9	8	8
self_attn.v_proj	31	22	19	17	17
self_attn.o_proj	0	11	10	10	9
self_attn.o_proj	1	70	64	60	56
self_attn.o_proj	2	40	40	40	39
self_attn.o_proj	3	60	60	58	58
self_attn.o_proj	4	12	12	12	11
self_attn.o_proj	5	38	38	36	35
self_attn.o_proj	6	10	10	7	7
self_attn.o_proj	7	10	8	8	8
self_attn.o_proj	8	11	11	11	11
self_attn.o_proj	9	5	5	5	5
self_attn.o_proj	10	3	2	2	2
self_attn.o_proj	11	5	4	3	3
self_attn.o_proj	12	6	6	6	6
self_attn.o_proj	13	10	10	10	10
self_attn.o_proj	14	15	13	13	13
self_attn.o_proj	15	49	47	47	46
self_attn.o_proj	16	102	91	89	89
self_attn.o_proj	17	15	14	12	12
self_attn.o_proj	18	120	108	105	104
self_attn.o_proj	19	2	2	2	2
self_attn.o_proj	20	43	39	38	34
self_attn.o_proj	21	7	7	6	7
self_attn.o_proj	22	94	88	76	84
self_attn.o_proj	23	29	28	25	25
self_attn.o_proj	24	46	32	24	30
self_attn.o_proj	25	13	10	8	8
self_attn.o_proj	26	3	2	2	2
self_attn.o_proj	27	4	3	3	3
self_attn.o_proj	28	20	10	4	8
self_attn.o_proj	29	26	10	3	8
self_attn.o_proj	30	46	35	10	25
self_attn.o_proj	31	48	10	6	8
mlp.gate_proj	0	78	78	78	77
mlp.gate_proj	1	78	76	75	74
mlp.gate_proj	2	53	52	51	48
mlp.gate_proj	3	55	55	55	53
mlp.gate_proj	4	67	66	65	63
mlp.gate_proj	5	86	84	84	75
mlp.gate_proj	6	58	55	55	54
mlp.gate_proj	7	53	50	50	48
mlp.gate_proj	8	42	39	39	37
mlp.gate_proj	9	43	41	39	40
mlp.gate_proj	10	45	42	42	42
mlp.gate_proj	11	58	56	54	55
mlp.gate_proj	12	70	64	62	55
mlp.gate_proj	13	65	63	61	61
mlp.gate_proj	14	72	70	70	68
mlp.gate_proj	15	86	83	81	81
mlp.gate_proj	16	83	75	75	75
mlp.gate_proj	17	107	106	106	93
mlp.gate_proj	18	102	100	100	97
mlp.gate_proj	19	86	81	81	80
mlp.gate_proj	20	73	71	70	68
mlp.gate_proj	21	121	116	115	116
mlp.gate_proj	22	89	85	85	82
mlp.gate_proj	23	91	90	90	82
mlp.gate_proj	24	126	123	110	117
mlp.gate_proj	25	107	105	105	101
mlp.gate_proj	26	120	117	114	107
mlp.gate_proj	27	124	118	114	108
mlp.gate_proj	28	154	147	141	136
mlp.gate_proj	29	222	202	192	194
mlp.gate_proj	30	165	146	126	141
mlp.gate_proj	31	195	123	107	121
mlp.up_proj	0	90	86	86	85
mlp.up_proj	1	75	75	75	75
mlp.up_proj	2	50	50	49	49
mlp.up_proj	3	51	51	50	48
mlp.up_proj	4	66	65	63	55
mlp.up_proj	5	79	68	67	67
mlp.up_proj	6	50	50	50	49
mlp.up_proj	7	55	53	53	51
mlp.up_proj	8	46	45	45	44
mlp.up_proj	9	54	52	52	52
mlp.up_proj	10	58	54	53	53
mlp.up_proj	11	44	44	42	42
mlp.up_proj	12	51	50	50	49
mlp.up_proj	13	66	60	55	57
mlp.up_proj	14	71	69	68	68
mlp.up_proj	15	73	71	71	70
mlp.up_proj	16	80	72	72	71
mlp.up_proj	17	73	71	69	70
mlp.up_proj	18	113	104	104	102
mlp.up_proj	19	58	57	56	56
mlp.up_proj	20	66	65	65	65
mlp.up_proj	21	87	85	85	83
mlp.up_proj	22	51	51	51	50
mlp.up_proj	23	77	77	77	75
mlp.up_proj	24	79	66	66	66
mlp.up_proj	25	81	81	80	78
mlp.up_proj	26	100	99	96	92
mlp.up_proj	27	99	95	91	92
mlp.up_proj	28	106	102	99	99
mlp.up_proj	29	164	155	149	150
mlp.up_proj	30	108	99	90	97
mlp.up_proj	31	135	77	64	75
mlp.down_proj	0	136	132	131	129
mlp.down_proj	1	110	107	107	104
mlp.down_proj	2	118	118	117	110
mlp.down_proj	3	125	121	114	108
mlp.down_proj	4	138	131	127	116
mlp.down_proj	5	150	143	139	130
mlp.down_proj	6	122	113	111	107
mlp.down_proj	7	105	101	100	95
mlp.down_proj	8	98	91	89	85
mlp.down_proj	9	104	99	96	95
mlp.down_proj	10	97	92	87	85
mlp.down_proj	11	107	102	98	93
mlp.down_proj	12	123	118	117	113
mlp.down_proj	13	118	113	109	107
mlp.down_proj	14	152	147	145	141
mlp.down_proj	15	149	146	146	144
mlp.down_proj	16	174	162	161	161
mlp.down_proj	17	185	178	174	173
mlp.down_proj	18	173	154	150	151
mlp.down_proj	19	157	142	136	138
mlp.down_proj	20	149	146	144	143
mlp.down_proj	21	194	185	179	179
mlp.down_proj	22	160	157	154	153
mlp.down_proj	23	175	166	163	157
mlp.down_proj	24	168	158	154	146
mlp.down_proj	25	164	158	155	152
mlp.down_proj	26	215	194	177	178
mlp.down_proj	27	192	180	159	166
mlp.down_proj	28	236	215	196	200
mlp.down_proj	29	293	265	234	243
mlp.down_proj	30	215	193	168	187
mlp.down_proj	31	346	226	192	216
